benchmark,missrate
fft,47.3696584964439
insersort,47.27676484338476
hello,44.203496989220255
fibonacci,12.792799999999998
oddeven,43.867295661983384
linpack,3.2274
