benchmark,misssrate
fibonacci,11.645199999999999
fft,13.013577852230648
insersort,13.090229079008884
hello,3.964330053652587
oddeven,11.398830889139576
linpack,1.0977999999999999
