benchmark,missrate
fft,15.264797507788161
insersort,15.474520804114073
hello,4.879322697614893
fibonacci,6.824800000000001
oddeven,13.357604348271973
linpack,1.2178
