benchmark,missrate
fibonacci,12.327200000000001
fft,32.4046317521895
insersort,33.36255259467041
hello,26.665773368408964
oddeven,31.11988513998564
linpack,2.4818
