benchmark,missrate
fft,17.457238582260622
insersort,16.269284712482467
hello,5.563242782058925
fibonacci,11.7262
oddeven,15.131781355758383
linpack,1.1812
