benchmark,missrate
fibonacci,22.8906
fft,13.824722271204374
insersort,13.884992987377279
hello,4.81123149368584
oddeven,17.208491436775716
linpack,1.2002000000000002
