benchmark,missrate
fft,12.70205137247987
insersort,12.768817204301076
hello,4.622818483617093
fibonacci,22.852600000000002
oddeven,16.229104707209515
linpack,1.1587999999999998
