benchmark,missrate
fft,4.984423676012461
insersort,5.054932211313698
hello,2.5428919893022974
fibonacci,11.3834
oddeven,4.358527330530202
linpack,0.5958
