benchmark,missrate
fibonacci,11.618
fft,12.184799858931406
insersort,12.22533894343151
hello,3.9766356929168736
oddeven,13.22941236796226
linpack,1.0348
