benchmark,missrate
fft,11.814494798095573
insersort,11.8630201028518
hello,3.9049895265336927
fibonacci,11.604000000000001
oddeven,12.906368577581787
linpack,1.0306
